"20170823_9968_Scaffold_Giardia, Samples report created on 09/10/2017",,,,,,,,,,,
Experiment: 20170823_9968_Scaffold_Giardia,,,,,,,,,,,
,Peak List Generator: unknown,,,,,,,,,,
,,Version: unknown,,,,,,,,,
,,Charge States Calculated: unknown,,,,,,,,,
,,Deisotoped: unknown,,,,,,,,,
,,Textual Annotation: unknown,,,,,,,,,
,Database Set: 1 Database,,,,,,,,,,
,,Database Name: the p65_giardia_cds_d_20130118 database,,,,,,,,,
,,,Version: unknown,,,,,,,,
,,,Taxonomy: All Entries,,,,,,,,
,,,Number of Proteins: 11802,,,,,,,,
,,Does database contain common contaminants?: unknown,,,,,,,,,
,Search Engine Set: 1 Search Engine,,,,,,,,,,
,,Search Engine: Mascot,,,,,,,,,
,,,Version: 2.5.1.3,,,,,,,,
,,,Samples: All Samples,,,,,,,,
,,,Fragment Tolerance: 0.030 Da (Monoisotopic),,,,,,,,
,,,Parent Tolerance: 10.0 PPM (Monoisotopic),,,,,,,,
,,,Fixed Modifications: ,,,,,,,,
,,,Variable Modifications: +16 on M (Oxidation),,,,,,,,
,,,"Database: the p65_giardia_cds_d_20130118 database (unknown version, 11802 entries)",,,,,,,,
,,,Digestion Enzyme: Trypsin,,,,,,,,
,,,Max Missed Cleavages: 1,,,,,,,,
,,,Probability Model: ,,,,,,,,
,,,,"20170823lc_9968_wb_33_1 (F255918): LFDR Model, No Classifier [all charge states]",,,,,,,
,,,,"20170823lc_9968_wb_33_2 (F255919): LFDR Model, No Classifier [all charge states]",,,,,,,
,,,,"20170823lc_9968_wb_33_3 (F255920): LFDR Model, No Classifier [all charge states]",,,,,,,
,,,,"20170823lc_9968_wb_33_4 (F255921): LFDR Model, No Classifier [all charge states]",,,,,,,
,,,,"20170823lc_9968_wb_33_5 (F255922): LFDR Model, No Classifier [all charge states]",,,,,,,
,,,,"20170823lc_9968_wb_33_6 (F255944): LFDR Model, No Classifier [all charge states]",,,,,,,
,,,,"20170823lc_9968_wb_33_7 (F255945): LFDR Model, No Classifier [all charge states]",,,,,,,
,,,,"20170823lc_9968_wb_33_8 (F255946): LFDR Model, No Classifier [all charge states]",,,,,,,
,,,,"20170823lc_9968_17195_1 (F255984): LFDR Model, Classifier data: Bayes, Good (94%) m:9.74/s:22.0 m:34.7/s:22.0 m:NA m:NA m:33.0/s:22.3, Bad (5.6%) m:-18.9/s:6.42 m:6.06/s:6.42 m:NA m:NA m:3.95/s:4.48 [all charge states]",,,,,,,
,,,,"20170823lc_9968_17195_2 (F255985): LFDR Model, Classifier data: Bayes, Good (94%) m:12.5/s:23.6 m:37.5/s:23.6 m:NA m:NA m:35.8/s:23.9, Bad (5.8%) m:-18.2/s:7.85 m:6.85/s:7.85 m:NA m:NA m:3.62/s:3.99 [all charge states]",,,,,,,
,,,,"20170823lc_9968_17195_3 (F255986): LFDR Model, No Classifier [all charge states]",,,,,,,
,,,,"20170823lc_9968_17195_4 (F255987): LFDR Model, No Classifier [all charge states]",,,,,,,
,,,,"20170823lc_9968_17195_5 (F255989): LFDR Model, No Classifier [all charge states]",,,,,,,
,,,,"20170823lc_9968_17195_6 (F255990): LFDR Model, No Classifier [all charge states]",,,,,,,
,,,,"20170823lc_9968_17195_7 (F255991): LFDR Model, Classifier data: Bayes, Good (66%) m:14.7/s:18.6 m:39.7/s:18.6 m:NA m:NA m:37.8/s:19.2, Bad (34%) m:-17.2/s:7.22 m:7.82/s:7.22 m:NA m:NA m:5.07/s:5.16 [all charge states]",,,,,,,
,,,,"20170823lc_9968_17195_8 (F255992): LFDR Model, No Classifier [all charge states]",,,,,,,
,Scaffold: Version: Scaffold_4.8.3,,,,,,,,,,
,,Modification Metadata Set: 2334 modifications,,,,,,,,,
,,,Source: C:\Program Files\Scaffold 4\parameters\unimod.xml,,,,,,,,
,,,Comment: ,,,,,,,,
,,Protein Grouping Strategy: Experiment-wide grouping with protein cluster analysis,,,,,,,,,
,,Peptide Thresholds: 95.0% minimum,,,,,,,,,
,,Protein Thresholds: 95.0% minimum and 2 peptides minimum,,,,,,,,,
,,Peptide FDR: 0.0% (Decoy),,,,,,,,,
,,Protein FDR: 0.0% (Decoy),,,,,,,,,
,,GO Annotation Source(s): ,,,,,,,,,
,,Alternate ID Source(s): ,,,,,,,,,
,,,,,,,,,,,
,,,,,,,,,Exclusive Spectrum Count,Exclusive Spectrum Count,
20170823_9968_Scaffold_Giardia,,,,,,,,,17195,wb_33,
#,Visible?,Starred?,Identified Proteins (316),Accession Number,Alternate ID,Molecular Weight,Protein Grouping Ambiguity,Taxonomy,BioSample 2,BioSample 1,
1,true,Empty,| organism=Giardia_Assemblage_A_isolate_WB | product=Elongation factor 1-alpha | location=GLCHR02:27919-29247(+) | length=442,GL50803_112304 (+1),,49 kDa,,unknown,99,0,
2,true,Empty,| organism=Giardia_Assemblage_A_isolate_WB | product=Hypothetical protein | location=GLCHR05:3285600-3286136(-) | length=178,GL50803_17195,,19 kDa,,unknown,93,0,
3,true,Empty,| organism=Giardia_Assemblage_A_isolate_WB | product=Cytosolic HSP70 | location=GLCHR01:313398-315392(+) | length=664,GL50803_88765,,72 kDa,,unknown,90,0,
4,true,Empty,"| organism=Giardia_Assemblage_A_isolate_WB | product=Pyruvate, phosphate dikinase | location=GLCHR04:1607101-1609755(-) | length=884",GL50803_9909,,98 kDa,,unknown,87,0,
5,true,Empty,| organism=Giardia_Assemblage_A_isolate_WB | product=Elongation factor 2 | location=GLCHR04:2670898-2673594(+) | length=898,GL50803_17570,,100 kDa,,unknown,84,0,
6,true,Empty,| organism=Giardia_Assemblage_A_isolate_WB | product=Pyruvate-flavodoxin oxidoreductase | location=GLCHR02:1109298-1113059(+) | length=1253,GL50803_114609,,139 kDa,,unknown,64,0,
7,true,Empty,| organism=Giardia_Assemblage_A_isolate_WB | product=Acyl-CoA synthetase | location=GLCHR03:1552447-1555359(+) | length=970,GL50803_86511,,107 kDa,true,unknown,62,0,
8,true,Empty,| organism=Giardia_Assemblage_A_isolate_WB | product=Arginine deiminase | location=GLCHR03:1755615-1757357(-) | length=580,GL50803_112103,,64 kDa,,unknown,55,0,
9,true,Empty,| organism=Giardia_Assemblage_A_isolate_WB | product=Pyruvate-flavodoxin oxidoreductase | location=GLCHR05:2633106-2636705(-) | length=1199,GL50803_17063,,132 kDa,,unknown,55,0,
10,true,Empty,| organism=Giardia_Assemblage_A_isolate_WB | product=Ornithine carbamoyltransferase | location=GLCHR03:1022938-1023921(+) | length=327,GL50803_10311,,36 kDa,,unknown,55,0,
11,true,Empty,| organism=Giardia_Assemblage_A_isolate_WB | product=Beta tubulin | location=GLCHR05:3604400-3605743(-) | length=447,GL50803_101291 (+2),,50 kDa,,unknown,51,0,
12,true,Empty,| organism=Giardia_Assemblage_A_isolate_WB | product=UPL-1 | location=GLCHR04:22438-23370(+) | length=310,GL50803_9779,,34 kDa,,unknown,48,0,
13,true,Empty,| organism=Giardia_Assemblage_A_isolate_WB | product=Alpha-tubulin | location=GLCHR05:3287152-3288516(-) | length=454,GL50803_103676 (+1),,51 kDa,,unknown,42,0,
14,true,Empty,| organism=Giardia_Assemblage_A_isolate_WB | product=Acyl-CoA synthetase | location=GLCHR04:754005-756722(-) | length=905,GL50803_16667,,99 kDa,true,unknown,41,0,
15,true,Empty,"| organism=Giardia_Assemblage_A_isolate_WB | product=Kinase, NEK | location=GLCHR04:11022-13493(-) | length=823",GL50803_16824,,91 kDa,,unknown,41,0,
16,true,Empty,| organism=Giardia_Assemblage_A_isolate_WB | product=Phosphoglycerate kinase | location=GLCHR02:165792-167021(-) | length=409,GL50803_90872,,44 kDa,,unknown,40,0,
17,true,Empty,| organism=Giardia_Assemblage_A_isolate_WB | product=Acetyl-CoA synthetase | location=GLCHR03:1776507-1778687(-) | length=726,GL50803_13608,,78 kDa,,unknown,40,0,
18,true,Empty,| organism=Giardia_Assemblage_A_isolate_WB | product=Alcohol dehydrogenase | location=GLCHR03:1463926-1466592(+) | length=888,GL50803_93358,,97 kDa,,unknown,39,0,
19,true,Empty,| organism=Giardia_Assemblage_A_isolate_WB | product=14-3-3 protein | location=GLCHR05:1524698-1525444(+) | length=248,GL50803_6430,,29 kDa,,unknown,34,0,
20,true,Empty,| organism=Giardia_Assemblage_A_isolate_WB | product=Peroxiredoxin 1 | location=GLCHR03:1256829-1257434(-) | length=201,GL50803_14521 (+1),,23 kDa,,unknown,34,0,
21,true,Empty,| organism=Giardia_Assemblage_A_isolate_WB | product=Transketolase | location=GLCHR03:349269-351428(-) | length=719,GL50803_9704,,78 kDa,,unknown,32,0,
22,true,Empty,| organism=Giardia_Assemblage_A_isolate_WB | product=Beta adaptin | location=GLCHR05:4202692-4206090(-) | length=1132,GL50803_21423,,123 kDa,,unknown,31,0,
23,true,Empty,| organism=Giardia_Assemblage_A_isolate_WB | product=Hypothetical protein | location=GLCHR05:3564268-3568260(+) | length=1330,GL50803_101278,,150 kDa,,unknown,31,0,
24,true,Empty,| organism=Giardia_Assemblage_A_isolate_WB | product=Bip | location=GLCHR04:535188-537221(+) | length=677,GL50803_17121,,74 kDa,,unknown,30,0,
25,true,Empty,| organism=Giardia_Assemblage_A_isolate_WB | product=Alpha-7.3 giardin | location=GLCHR05:4401466-4402353(-) | length=295,GL50803_114787,,33 kDa,true,unknown,29,0,
26,true,Empty,| organism=Giardia_Assemblage_A_isolate_WB | product=Glycerol-3-phosphate dehydrogenase | location=GLCHR05:2522245-2525580(-) | length=1111,GL50803_16125,,119 kDa,,unknown,29,0,
27,true,Empty,| organism=Giardia_Assemblage_A_isolate_WB | product=Hypothetical protein | location=GLCHR01:702956-707926(-) | length=1656,GL50803_17332,,179 kDa,,unknown,28,0,
28,true,Empty,| organism=Giardia_Assemblage_A_isolate_WB | product=Dynamin | location=GLCHR03:741223-743421(+) | length=732,GL50803_14373,,80 kDa,,unknown,27,0,
29,true,Empty,| organism=Giardia_Assemblage_A_isolate_WB | product=Leucyl-tRNA synthetase | location=GLCHR01:228260-231781(-) | length=1173,GL50803_8621,,132 kDa,,unknown,27,0,
30,true,Empty,| organism=Giardia_Assemblage_A_isolate_WB | product=Clathrin heavy chain | location=GLCHR04:1021986-1027601(+) | length=1871,GL50803_102108,,207 kDa,,unknown,26,0,
31,true,Empty,| organism=Giardia_Assemblage_A_isolate_WB | product=Glyceraldehyde 3-phosphate dehydrogenase | location=GLCHR05:3056628-3057638(-) | length=336,GL50803_6687,,36 kDa,,unknown,26,0,
32,true,Empty,| organism=Giardia_Assemblage_A_isolate_WB | product=Translation elongation factor | location=GLCHR01:1067637-1068299(-) | length=220,GL50803_13561,,25 kDa,,unknown,26,0,
33,true,Empty,| organism=Giardia_Assemblage_A_isolate_WB | product=Heat shock protein HSP 90-alpha | location=GLCHR05:2514317-2515447(+) | length=376,GL50803_98054,,43 kDa,,unknown,25,0,
34,true,Empty,| organism=Giardia_Assemblage_A_isolate_WB | product=Hypothetical protein | location=GLCHR04:412122-413564(+) | length=480,GL50803_94463,,53 kDa,,unknown,25,0,
35,true,Empty,"| organism=Giardia_Assemblage_A_isolate_WB | product=Kinase, NEK-frag | location=GLCHR02:123292-125412(+) | length=706",GL50803_15411,,78 kDa,,unknown,25,0,
36,true,Empty,| organism=Giardia_Assemblage_A_isolate_WB | product=Pyruvate kinase | location=GLCHR03:652902-654866(-) | length=654,GL50803_3206,,71 kDa,,unknown,24,0,
37,true,Empty,Cluster of | organism=Giardia_Assemblage_A_isolate_WB | product=Kinesin-3 | location=GLCHR04:998288-1001368(+) | length=1026 (GL50803_102101),GL50803_102101 [2],,115 kDa,true,unknown,23,0,
37.1,true,Empty,| organism=Giardia_Assemblage_A_isolate_WB | product=Kinesin-3 | location=GLCHR04:998288-1001368(+) | length=1026,GL50803_102101,,115 kDa,true,unknown,6,0,
37.2,true,Empty,| organism=Giardia_Assemblage_A_isolate_WB | product=Kinesin-3 | location=GLCHR04:1028107-1031394(-) | length=1095,GL50803_112846,,121 kDa,true,unknown,3,0,
38,true,Empty,| organism=Giardia_Assemblage_A_isolate_WB | product=NADH oxidase lateral transfer candidate | location=GLCHR01:307195-308649(-) | length=484,GL50803_33769,,53 kDa,,unknown,23,0,
39,true,Empty,| organism=Giardia_Assemblage_A_isolate_WB | product=Axoneme-associated protein GASP-180 | location=GLCHR05:2250354-2255111(-) | length=1585,GL50803_137716,,175 kDa,,unknown,23,0,
40,true,Empty,| organism=Giardia_Assemblage_A_isolate_WB | product=NADP-specific glutamate dehydrogenase | location=GLCHR04:171236-172585(-) | length=449,GL50803_21942,,50 kDa,,unknown,22,0,
41,true,Empty,| organism=Giardia_Assemblage_A_isolate_WB | product=Elongation factor 1-gamma | location=GLCHR04:57528-58736(-) | length=402,GL50803_12102,,45 kDa,,unknown,22,0,
42,true,Empty,| organism=Giardia_Assemblage_A_isolate_WB | product=Carbamate kinase | location=GLCHR02:366273-367223(+) | length=316,GL50803_16453,,34 kDa,,unknown,22,0,
43,true,Empty,| organism=Giardia_Assemblage_A_isolate_WB | product=Glycogen phosphorylase | location=GLCHR05:3185783-3188557(+) | length=924,GL50803_6226,,105 kDa,,unknown,22,0,
44,true,Empty,| organism=Giardia_Assemblage_A_isolate_WB | product=Hypothetical protein | location=GLCHR03:1585416-1587962(-) | length=848,GL50803_103709,,95 kDa,,unknown,21,0,
45,true,Empty,| organism=Giardia_Assemblage_A_isolate_WB | product=Hypothetical protein | location=GLCHR01:793818-794975(-) | length=385,GL50803_9861,,43 kDa,true,unknown,20,0,
46,true,Empty,Cluster of | organism=Giardia_Assemblage_A_isolate_WB | product=Protein 21.1 | location=GLCHR05:3080424-3083039(-) | length=871 (GL50803_21505),GL50803_21505,,95 kDa,true,unknown,20,0,
46.1,true,Empty,| organism=Giardia_Assemblage_A_isolate_WB | product=Protein 21.1 | location=GLCHR05:3080424-3083039(-) | length=871,GL50803_21505,,95 kDa,true,unknown,16,0,
47,true,Empty,Cluster of | organism=Giardia_Assemblage_A_isolate_WB | product=NSF | location=CH991763:19559-22051(+) | length=830 (GL50803_112681),GL50803_112681 [2],,91 kDa,true,unknown,20,0,
47.1,true,Empty,| organism=Giardia_Assemblage_A_isolate_WB | product=NSF | location=CH991763:19559-22051(+) | length=830,GL50803_112681,,91 kDa,true,unknown,5,0,
47.2,true,Empty,| organism=Giardia_Assemblage_A_isolate_WB | product=NSF | location=GLCHR03:60247-62721(+) | length=824,GL50803_114776,,90 kDa,true,unknown,5,0,
48,true,Empty,| organism=Giardia_Assemblage_A_isolate_WB | product=Protein 21.1 | location=GLCHR05:2663387-2665258(+) | length=623,GL50803_17060,,66 kDa,,unknown,19,0,
49,true,Empty,| organism=Giardia_Assemblage_A_isolate_WB | product=Hypothetical protein | location=GLCHR05:3484925-3490639(+) | length=1904,GL50803_9183,,214 kDa,,unknown,19,0,
50,true,Empty,| organism=Giardia_Assemblage_A_isolate_WB | product=Vacuolar ATP synthase catalytic subunit A | location=GLCHR03:288880-290847(+) | length=655,GL50803_7532,,72 kDa,,unknown,19,0,
51,true,Empty,| organism=Giardia_Assemblage_A_isolate_WB | product=Alpha-1 giardin | location=GLCHR03:37988-38875(-) | length=295,GL50803_11654,,34 kDa,true,unknown,18,0,
52,true,Empty,"| organism=Giardia_Assemblage_A_isolate_WB | product=Translation initiation factor eIF-4A, putative | location=GLCHR01:1336531-1337706(-) | length=391",GL50803_10255,,43 kDa,,unknown,18,0,
53,true,Empty,| organism=Giardia_Assemblage_A_isolate_WB | product=Beta-giardin | location=GLCHR04:2015776-2016594(+) | length=272,GL50803_4812,,31 kDa,,unknown,17,26,
54,true,Empty,| organism=Giardia_Assemblage_A_isolate_WB | product=Ribosomal protein L4 | location=GLCHR05:2867111-2868061(-) | length=316,GL50803_17547,,35 kDa,,unknown,17,0,
55,true,Empty,| organism=Giardia_Assemblage_A_isolate_WB | product=Heat shock protein HSP 90-alpha | location=GLCHR05:1731251-1732225(+) | length=324,GL50803_13864,,37 kDa,,unknown,17,0,
56,true,Empty,| organism=Giardia_Assemblage_A_isolate_WB | product=Chaperone protein dnaJ | location=GLCHR03:1879451-1881295(-) | length=614,GL50803_15148,,67 kDa,,unknown,17,0,
57,true,Empty,"| organism=Giardia_Assemblage_A_isolate_WB | product=70 kDa peptidylprolyl isomerase, putative | location=GLCHR04:335471-336487(-) | length=338",GL50803_3643,,38 kDa,,unknown,17,0,
58,true,Empty,| organism=Giardia_Assemblage_A_isolate_WB | product=Prolyl-tRNA synthetase | location=GLCHR04:2274485-2276113(+) | length=542,GL50803_15983,,61 kDa,,unknown,17,0,
59,true,Empty,| organism=Giardia_Assemblage_A_isolate_WB | product=Ribosomal protein L23 | location=GLCHR05:1285238-1285666(-) | length=142,GL50803_10091,,15 kDa,,unknown,16,0,
60,true,Empty,| organism=Giardia_Assemblage_A_isolate_WB | product=Hypothetical protein | location=GLCHR04:472479-475139(-) | length=886,GL50803_16504,,97 kDa,,unknown,16,0,
61,true,Empty,| organism=Giardia_Assemblage_A_isolate_WB | product=Ubiquitin-conjugating enzyme E1 | location=GLCHR05:2463417-2466695(-) | length=1092,GL50803_10661,,121 kDa,,unknown,16,0,
62,true,Empty,| organism=Giardia_Assemblage_A_isolate_WB | product=4-alpha-glucanotransferase | location=GLCHR03:890143-893790(-) | length=1215,GL50803_8978,,138 kDa,,unknown,16,0,
63,true,Empty,"| organism=Giardia_Assemblage_A_isolate_WB | product=Kinase, NEK | location=GLCHR03:476501-478453(+) | length=650",GL50803_113553,,72 kDa,,unknown,15,0,
64,true,Empty,| organism=Giardia_Assemblage_A_isolate_WB | product=Ribosomal protein S3a | location=GLCHR05:1319790-1320536(-) | length=248,GL50803_16265,,28 kDa,,unknown,15,0,
65,true,Empty,| organism=Giardia_Assemblage_A_isolate_WB | product=AAA family ATPase | location=GLCHR04:2615634-2618246(+) | length=870,GL50803_16867,,96 kDa,,unknown,15,0,
66,true,Empty,"| organism=Giardia_Assemblage_A_isolate_WB | product=Kinase, SCY1 | location=GLCHR02:607433-610243(-) | length=936",GL50803_8805,,103 kDa,,unknown,15,0,
67,true,Empty,| organism=Giardia_Assemblage_A_isolate_WB | product=Pyruvate kinase | location=GLCHR04:633554-635215(-) | length=553,GL50803_17143,,61 kDa,,unknown,15,0,
68,true,Empty,| organism=Giardia_Assemblage_A_isolate_WB | product=Ribosomal protein L7a | location=GLCHR03:579698-580484(+) | length=225,GL50803_17244,,25 kDa,,unknown,15,0,
69,true,Empty,| organism=Giardia_Assemblage_A_isolate_WB | product=Alpha-3 giardin | location=GLCHR05:2835685-2836575(-) | length=296,GL50803_11683,,33 kDa,,unknown,14,0,
70,true,Empty,| organism=Giardia_Assemblage_A_isolate_WB | product=Protein 21.1 | location=GLCHR04:549675-552035(+) | length=786,GL50803_27925,,88 kDa,,unknown,14,0,
71,true,Empty,| organism=Giardia_Assemblage_A_isolate_WB | product=Pyrophosphate-fructose 6-phosphate 1-phosphotransferase alpha subunit | location=GLCHR05:3906198-3907832(-) | length=544,GL50803_14993,,60 kDa,,unknown,14,0,
72,true,Empty,| organism=Giardia_Assemblage_A_isolate_WB | product=Alpha adaptin | location=GLCHR02:550302-552653(+) | length=783,GL50803_17304,,87 kDa,,unknown,14,0,
73,true,Empty,| organism=Giardia_Assemblage_A_isolate_WB | product=Alpha-7.1 giardin | location=GLCHR05:1480844-1482010(-) | length=388,GL50803_103373,,43 kDa,true,unknown,14,0,
74,true,Empty,| organism=Giardia_Assemblage_A_isolate_WB | product=Lysyl-tRNA synthetase | location=GLCHR05:3606086-3607816(-) | length=576,GL50803_16766,,66 kDa,,unknown,14,0,
75,true,Empty,| organism=Giardia_Assemblage_A_isolate_WB | product=Vacuolar protein sorting 35 | location=GLCHR05:2097082-2099379(-) | length=765,GL50803_23833,,88 kDa,,unknown,13,0,
76,true,Empty,| organism=Giardia_Assemblage_A_isolate_WB | product=Enolase | location=GLCHR05:2034587-2035924(+) | length=445,GL50803_11118,,48 kDa,,unknown,12,0,
77,true,Empty,| organism=Giardia_Assemblage_A_isolate_WB | product=Protein 21.1 | location=GLCHR01:1083611-1085377(-) | length=588,GL50803_32778,,64 kDa,,unknown,12,0,
78,true,Empty,"| organism=Giardia_Assemblage_A_isolate_WB | product=Kinase, NEK | location=GLCHR02:127987-130320(+) | length=777",GL50803_11390,,85 kDa,,unknown,12,0,
79,true,Empty,| organism=Giardia_Assemblage_A_isolate_WB | product=Aspartyl-tRNA synthetase | location=GLCHR03:1808321-1809988(-) | length=555,GL50803_10870,,63 kDa,,unknown,12,0,
80,true,Empty,| organism=Giardia_Assemblage_A_isolate_WB | product=Threonine dehydratase lateral transfer candidate | location=GLCHR04:52029-54842(-) | length=937,GL50803_12108,,104 kDa,,unknown,12,0,
81,true,Empty,| organism=Giardia_Assemblage_A_isolate_WB | product=Glutamate synthase | location=GLCHR05:4017659-4020391(-) | length=910,GL50803_7195,,98 kDa,,unknown,12,0,
82,true,Empty,| organism=Giardia_Assemblage_A_isolate_WB | product=Rab1a | location=GLCHR04:1522714-1523352(+) | length=212,GL50803_9558,,23 kDa,,unknown,12,0,
83,true,Empty,"| organism=Giardia_Assemblage_A_isolate_WB | product=Kinase, NEK | location=GLCHR02:126363-127910(+) | length=515",GL50803_15409,,57 kDa,,unknown,12,0,
84,true,Empty,"| organism=Giardia_Assemblage_A_isolate_WB | product=Heat-shock protein, putative | location=GLCHR04:1692786-1695323(+) | length=845",GL50803_16412,,95 kDa,,unknown,12,0,
85,true,Empty,"| organism=Giardia_Assemblage_A_isolate_WB | product=Kinase, NAK | location=GLCHR04:2089744-2091672(+) | length=642",GL50803_12223,,70 kDa,,unknown,12,0,
86,true,Empty,| organism=Giardia_Assemblage_A_isolate_WB | product=Arginyl-tRNA synthetase | location=GLCHR05:4285799-4287664(-) | length=621,GL50803_10521,,70 kDa,,unknown,12,0,
87,true,Empty,"| organism=Giardia_Assemblage_A_isolate_WB | product=26S proteasome regulatory subunit, putative | location=GLCHR01:1198367-1202413(+) | length=1348",GL50803_91643,,148 kDa,,unknown,12,0,
88,true,Empty,"| organism=Giardia_Assemblage_A_isolate_WB | product=Ser/Thr phosphatase 2A, 65kDa reg sub A | location=GLCHR05:1456301-1458259(+) | length=652",GL50803_7439,,72 kDa,,unknown,11,0,
89,true,Empty,| organism=Giardia_Assemblage_A_isolate_WB | product=Alpha-11 giardin | location=GLCHR05:1207222-1208145(-) | length=307,GL50803_17153,,35 kDa,,unknown,11,0,
90,true,Empty,| organism=Giardia_Assemblage_A_isolate_WB | product=Peptidyl-prolyl cis-trans isomerase B precursor | location=GLCHR01:556210-556716(+) | length=168,GL50803_17163,,18 kDa,,unknown,11,0,
91,true,Empty,| organism=Giardia_Assemblage_A_isolate_WB | product=Hypothetical protein | location=GLCHR01:622857-624443(+) | length=528,GL50803_8528,,57 kDa,,unknown,11,0,
92,true,Empty,| organism=Giardia_Assemblage_A_isolate_WB | product=Vacuolar ATP synthase subunit C | location=GLCHR02:393222-394706(+) | length=494,GL50803_87058,,56 kDa,,unknown,11,0,
93,true,Empty,| organism=Giardia_Assemblage_A_isolate_WB | product=Isoleucyl-tRNA synthetase | location=GLCHR04:2465183-2468680(+) | length=1165,GL50803_104173,,134 kDa,,unknown,11,0,
94,true,Empty,| organism=Giardia_Assemblage_A_isolate_WB | product=Ribosomal protein L3 | location=GLCHR04:2485220-2486359(+) | length=379,GL50803_16525,,43 kDa,,unknown,11,0,
95,true,Empty,| organism=Giardia_Assemblage_A_isolate_WB | product=TCP-1 chaperonin subunit eta | location=GLCHR05:2528272-2530059(-) | length=595,GL50803_16124,,65 kDa,,unknown,11,0,
96,true,Empty,| organism=Giardia_Assemblage_A_isolate_WB | product=A-type flavoprotein lateral transfer candidate | location=GLCHR04:1730357-1731601(-) | length=414,GL50803_10358,,47 kDa,,unknown,11,0,
97,true,Empty,| organism=Giardia_Assemblage_A_isolate_WB | product=Chaperone protein DnaJ | location=GLCHR05:1713531-1714760(-) | length=409,GL50803_9808,,45 kDa,,unknown,10,0,
98,true,Empty,"| organism=Giardia_Assemblage_A_isolate_WB | product=Long chain fatty acid CoA ligase, putative | location=GLCHR05:1883933-1886209(-) | length=758",GL50803_113892,,85 kDa,,unknown,10,0,
99,true,Empty,| organism=Giardia_Assemblage_A_isolate_WB | product=TCP-1 chaperonin subunit theta | location=GLCHR02:523561-525252(-) | length=563,GL50803_13500,,61 kDa,,unknown,10,0,
100,true,Empty,| organism=Giardia_Assemblage_A_isolate_WB | product=Alanyl-tRNA synthetase | location=GLCHR04:1566990-1569899(-) | length=969,GL50803_96460,,108 kDa,,unknown,10,0,
101,true,Empty,| organism=Giardia_Assemblage_A_isolate_WB | product=Stress-induced-phosphoprotein 1 | location=GLCHR03:1678162-1679925(-) | length=587,GL50803_27310,,65 kDa,,unknown,10,0,
102,true,Empty,| organism=Giardia_Assemblage_A_isolate_WB | product=Protein 21.1 | location=GLCHR05:1404750-1405742(-) | length=330,GL50803_9030,,37 kDa,,unknown,10,0,
103,true,Empty,| organism=Giardia_Assemblage_A_isolate_WB | product=Rab11 | location=GLCHR05:2730259-2730909(-) | length=216,GL50803_1695,,24 kDa,,unknown,10,0,
104,true,Empty,| organism=Giardia_Assemblage_A_isolate_WB | product=Serine/threonine protein phosphatase 7 | location=GLCHR05:1221649-1222905(+) | length=418,GL50803_7588,,47 kDa,,unknown,10,0,
105,true,Empty,| organism=Giardia_Assemblage_A_isolate_WB | product=26S proteasome non-ATPase regulatory subunit 2 | location=GLCHR01:110180-113878(+) | length=1232,GL50803_33166,,136 kDa,,unknown,10,0,
106,true,Empty,| organism=Giardia_Assemblage_A_isolate_WB | product=Protein 21.1 | location=GLCHR04:312948-313979(-) | length=343,GL50803_102813,,37 kDa,,unknown,9,0,
107,true,Empty,| organism=Giardia_Assemblage_A_isolate_WB | product=Hypothetical protein | location=CH991767:1106175-1110134(+) | length=1319,GL50803_41212,,149 kDa,,unknown,9,0,
108,true,Empty,| organism=Giardia_Assemblage_A_isolate_WB | product=Ribosomal protein S14 | location=GLCHR04:1507409-1507846(+) | length=145,GL50803_7878,,16 kDa,,unknown,9,0,
109,true,Empty,| organism=Giardia_Assemblage_A_isolate_WB | product=Coiled-coil protein | location=GLCHR02:1450392-1457219(+) | length=2275,GL50803_113677,,255 kDa,,unknown,9,0,
110,true,Empty,| organism=Giardia_Assemblage_A_isolate_WB | product=Glutaminyl-tRNA synthetase | location=GLCHR05:3957321-3959612(-) | length=763,GL50803_9348,,88 kDa,,unknown,9,0,
111,true,Empty,| organism=Giardia_Assemblage_A_isolate_WB | product=Alpha-2 giardin | location=GLCHR03:111206-112096(+) | length=296,GL50803_7796,,34 kDa,true,unknown,9,0,
112,true,Empty,| organism=Giardia_Assemblage_A_isolate_WB | product=Protein 21.1 | location=GLCHR04:2676938-2678560(-) | length=540,GL50803_17568,,60 kDa,,unknown,8,0,
113,true,Empty,| organism=Giardia_Assemblage_A_isolate_WB | product=TCP-1 chaperonin subunit beta | location=GLCHR02:118733-120310(-) | length=525,GL50803_11397,,57 kDa,,unknown,8,0,
114,true,Empty,| organism=Giardia_Assemblage_A_isolate_WB | product=Hypothetical protein | location=GLCHR04:189989-190834(-) | length=281,GL50803_11354,,30 kDa,,unknown,8,0,
115,true,Empty,| organism=Giardia_Assemblage_A_isolate_WB | product=Mu adaptin | location=GLCHR05:2380853-2382157(+) | length=434,GL50803_8917,,48 kDa,,unknown,8,0,
116,true,Empty,"| organism=Giardia_Assemblage_A_isolate_WB | product=Kinase, STE STE20 | location=CH991761:251395-252666(+) | length=423",GL50803_10609,,47 kDa,,unknown,8,0,
117,true,Empty,| organism=Giardia_Assemblage_A_isolate_WB | product=Phosphorylase B kinase gamma catalytic chain | location=GLCHR04:1789017-1791329(-) | length=770,GL50803_10698,,85 kDa,,unknown,8,0,
118,true,Empty,| organism=Giardia_Assemblage_A_isolate_WB | product=Malic enzyme | location=GLCHR05:3782272-3783945(-) | length=557,GL50803_14285,,62 kDa,,unknown,8,0,
119,true,Empty,| organism=Giardia_Assemblage_A_isolate_WB | product=Hypothetical protein | location=GLCHR05:2026438-2028741(-) | length=767,GL50803_17119,,84 kDa,,unknown,8,0,
120,true,Empty,"| organism=Giardia_Assemblage_A_isolate_WB | product=Kinase, NEK | location=GLCHR04:1908314-1910068(-) | length=584",GL50803_9421,,64 kDa,,unknown,8,0,
121,true,Empty,| organism=Giardia_Assemblage_A_isolate_WB | product=Hypothetical protein | location=GLCHR02:139251-140732(-) | length=493,GL50803_11380,,52 kDa,,unknown,8,0,
122,true,Empty,| organism=Giardia_Assemblage_A_isolate_WB | product=Hypothetical protein | location=GLCHR05:1336634-1337971(+) | length=445,GL50803_8405,,48 kDa,,unknown,8,0,
123,true,Empty,"| organism=Giardia_Assemblage_A_isolate_WB | product=Protein phosphatase 2A regulatory subunit, putative | location=GLCHR04:1618007-1620685(+) | length=892",GL50803_9894,,101 kDa,,unknown,8,0,
124,true,Empty,| organism=Giardia_Assemblage_A_isolate_WB | product=Importin beta-3 subunit | location=GLCHR05:4410235-4413690(-) | length=1151,GL50803_15106,,128 kDa,,unknown,8,0,
125,true,Empty,| organism=Giardia_Assemblage_A_isolate_WB | product=Dipeptidyl-peptidase III | location=GLCHR03:1563277-1565382(+) | length=701,GL50803_33689,,79 kDa,,unknown,8,0,
126,true,Empty,| organism=Giardia_Assemblage_A_isolate_WB | product=GTP-binding nuclear protein RAN/TC4 | location=GLCHR05:1308332-1309012(+) | length=226,GL50803_15869,,25 kDa,,unknown,7,0,
127,true,Empty,| organism=Giardia_Assemblage_A_isolate_WB | product=Hypothetical protein | location=GLCHR05:3813460-3816432(+) | length=990,GL50803_16653,,103 kDa,,unknown,7,0,
128,true,Empty,| organism=Giardia_Assemblage_A_isolate_WB | product=Vacuolar ATP synthase subunit B | location=GLCHR04:2101514-2103007(+) | length=497,GL50803_12216,,55 kDa,,unknown,7,0,
129,true,Empty,"| organism=Giardia_Assemblage_A_isolate_WB | product=Kinase, NEK | location=GLCHR02:1042114-1046373(-) | length=1419",GL50803_16967,,155 kDa,,unknown,7,0,
130,true,Empty,| organism=Giardia_Assemblage_A_isolate_WB | product=Glycyl-tRNA synthetase | location=GLCHR03:556911-558776(+) | length=621,GL50803_9011,,70 kDa,,unknown,7,0,
131,true,Empty,| organism=Giardia_Assemblage_A_isolate_WB | product=Eukaryotic translation initiation factor 5A | location=GLCHR05:829656-830105(+) | length=149,GL50803_14614,,17 kDa,,unknown,7,0,
132,true,Empty,| organism=Giardia_Assemblage_A_isolate_WB | product=Coatomer alpha subunit | location=GLCHR04:898146-901979(+) | length=1277,GL50803_11953,,139 kDa,,unknown,7,0,
133,true,Empty,| organism=Giardia_Assemblage_A_isolate_WB | product=Protein 21.1 | location=GLCHR03:1345802-1351357(-) | length=1851,GL50803_24842,,201 kDa,,unknown,7,0,
134,true,Empty,"| organism=Giardia_Assemblage_A_isolate_WB | product=Kinase, STE STE20 | location=GLCHR03:1114007-1115590(-) | length=527",GL50803_15514,,58 kDa,,unknown,7,0,
135,true,Empty,| organism=Giardia_Assemblage_A_isolate_WB | product=Dynein intermediate chain | location=GLCHR02:797338-799611(+) | length=757,GL50803_33218,,84 kDa,,unknown,7,0,
136,true,Empty,| organism=Giardia_Assemblage_A_isolate_WB | product=Phosphatase | location=GLCHR02:159399-160556(-) | length=385,GL50803_14404,,42 kDa,,unknown,7,0,
137,true,Empty,"| organism=Giardia_Assemblage_A_isolate_WB | product=Polyadenylate-binding protein, putative | location=GLCHR01:642027-643355(-) | length=442",GL50803_5942,,50 kDa,,unknown,7,0,
138,true,Empty,| organism=Giardia_Assemblage_A_isolate_WB | product=Ubiquitin | location=GLCHR05:1573552-1573800(+) | length=82,GL50803_7110,,9 kDa,,unknown,7,0,
139,true,Empty,| organism=Giardia_Assemblage_A_isolate_WB | product=Aminoacyl-histidine dipeptidase | location=GLCHR05:3627220-3628794(+) | length=524,GL50803_15832,,57 kDa,,unknown,6,0,
140,true,Empty,| organism=Giardia_Assemblage_A_isolate_WB | product=Protein 21.1 | location=GLCHR04:2135404-2137818(-) | length=804,GL50803_14254,,88 kDa,,unknown,6,0,
141,true,Empty,| organism=Giardia_Assemblage_A_isolate_WB | product=TBP-interacting protein TIP49 | location=GLCHR02:679775-681181(+) | length=468,GL50803_9825,,51 kDa,,unknown,6,0,
142,true,Empty,| organism=Giardia_Assemblage_A_isolate_WB | product=Regulator of nonsense transcripts 1-like protein | location=GLCHR04:129238-133152(+) | length=1304,GL50803_13452,,147 kDa,,unknown,6,0,
143,true,Empty,| organism=Giardia_Assemblage_A_isolate_WB | product=Nucleoside diphosphate kinase | location=GLCHR04:1423378-1423833(+) | length=151,GL50803_11301,,17 kDa,,unknown,6,0,
144,true,Empty,| organism=Giardia_Assemblage_A_isolate_WB | product=Protein phosphatase PP2A regulatory subunit B | location=GLCHR04:1766780-1768198(-) | length=472,GL50803_4079,,53 kDa,,unknown,6,0,
145,true,Empty,| organism=Giardia_Assemblage_A_isolate_WB | product=Hypothetical protein | location=GLCHR04:1646820-1647215(-) | length=131,GL50803_5810,,15 kDa,,unknown,6,0,
146,true,Empty,| organism=Giardia_Assemblage_A_isolate_WB | product=Potassium-transporting ATPase alpha chain 1 | location=GLCHR02:1325350-1329357(+) | length=1335,GL50803_96670,,148 kDa,,unknown,6,0,
147,true,Empty,| organism=Giardia_Assemblage_A_isolate_WB | product=NADH oxidase | location=GLCHR05:2174947-2176236(+) | length=429,GL50803_9719,,47 kDa,,unknown,6,0,
148,true,Empty,| organism=Giardia_Assemblage_A_isolate_WB | product=Protein 21.1 | location=GLCHR01:219156-221096(-) | length=646,GL50803_16220,,71 kDa,,unknown,6,0,
149,true,Empty,| organism=Giardia_Assemblage_A_isolate_WB | product=Ribosomal protein L7 | location=GLCHR04:2481439-2482146(+) | length=235,GL50803_19436,,27 kDa,,unknown,6,0,
150,true,Empty,"| organism=Giardia_Assemblage_A_isolate_WB | product=Kinase, CAMK CAMKL | location=GLCHR03:195626-196924(-) | length=432",GL50803_16034,,49 kDa,,unknown,6,0,
151,true,Empty,| organism=Giardia_Assemblage_A_isolate_WB | product=Ribosomal protein L18a | location=GLCHR05:3966123-3966644(-) | length=173,GL50803_16387,,21 kDa,,unknown,6,0,
152,true,Empty,"| organism=Giardia_Assemblage_A_isolate_WB | product=Ser/Thr phosphatase 2C, putative | location=GLCHR02:1114771-1115853(-) | length=360",GL50803_11740,,39 kDa,,unknown,6,0,
153,true,Empty,| organism=Giardia_Assemblage_A_isolate_WB | product=Glucose-6-phosphate 1-dehydrogenase | location=GLCHR04:1558071-1560299(+) | length=742,GL50803_8682,,83 kDa,,unknown,6,0,
154,true,Empty,| organism=Giardia_Assemblage_A_isolate_WB | product=Sec31 | location=GLCHR04:1983791-1986865(-) | length=1024,GL50803_2562,,110 kDa,,unknown,6,0,
155,true,Empty,| organism=Giardia_Assemblage_A_isolate_WB | product=L-serine dehydratase | location=GLCHR02:333340-334917(-) | length=525,GL50803_24662,,57 kDa,,unknown,6,0,
156,true,Empty,| organism=Giardia_Assemblage_A_isolate_WB | product=Hypothetical protein | location=GLCHR03:260572-261723(-) | length=383,GL50803_21628,,42 kDa,true,unknown,6,0,
157,true,Empty,| organism=Giardia_Assemblage_A_isolate_WB | product=Serine/threonine protein phosphatase PP-X isozyme 2 | location=GLCHR02:908276-909295(-) | length=339,GL50803_14311,,38 kDa,,unknown,6,0,
158,true,Empty,"| organism=Giardia_Assemblage_A_isolate_WB | product=Kinase, NEK | location=GLCHR02:1091453-1092310(+) | length=285",GL50803_101534,,31 kDa,,unknown,6,0,
159,true,Empty,| organism=Giardia_Assemblage_A_isolate_WB | product=Ribosomal protein S5 | location=CH991769:654358-654930(+) | length=190,GL50803_12981,,21 kDa,,unknown,6,0,
160,true,Empty,| organism=Giardia_Assemblage_A_isolate_WB | product=Ribosomal protein L15 | location=GLCHR02:1087216-1087830(+) | length=204,GL50803_8001,,24 kDa,,unknown,6,0,
161,true,Empty,| organism=Giardia_Assemblage_A_isolate_WB | product=Ribosomal protein L30 | location=GLCHR05:2161528-2161857(+) | length=109,GL50803_14321,,12 kDa,,unknown,6,0,
162,true,Empty,| organism=Giardia_Assemblage_A_isolate_WB | product=Coiled-coil protein | location=GLCHR03:1540416-1543988(+) | length=1190,GL50803_10167,,133 kDa,,unknown,5,0,
163,true,Empty,| organism=Giardia_Assemblage_A_isolate_WB | product=Ubiquitin carboxyl-terminal hydrolase 4 | location=GLCHR05:2525772-2528231(-) | length=819,GL50803_14460,,93 kDa,,unknown,5,0,
164,true,Empty,| organism=Giardia_Assemblage_A_isolate_WB | product=Aminoacyl-histidine dipeptidase | location=GLCHR05:1333710-1335230(+) | length=506,GL50803_8407,,55 kDa,,unknown,5,0,
165,true,Empty,| organism=Giardia_Assemblage_A_isolate_WB | product=Hypothetical protein | location=GLCHR04:577446-581231(-) | length=1261,GL50803_6464,,142 kDa,,unknown,5,0,
166,true,Empty,"| organism=Giardia_Assemblage_A_isolate_WB | product=Metalloprotease, insulinase family | location=GLCHR02:1405802-1409320(+) | length=1172",GL50803_9508,,131 kDa,,unknown,5,0,
167,true,Empty,| organism=Giardia_Assemblage_A_isolate_WB | product=ATP-dependent RNA helicase-like protein | location=GLCHR05:1698177-1700147(+) | length=656,GL50803_15048,,73 kDa,,unknown,5,0,
168,true,Empty,| organism=Giardia_Assemblage_A_isolate_WB | product=Axoneme-associated protein GASP-180 | location=GLCHR05:2382291-2385410(+) | length=1039,GL50803_16745,,116 kDa,,unknown,5,0,
169,true,Empty,"| organism=Giardia_Assemblage_A_isolate_WB | product=Kinase, CAMK CAMKL | location=GLCHR05:1581122-1583011(+) | length=629",GL50803_14364,,70 kDa,,unknown,5,0,
170,true,Empty,| organism=Giardia_Assemblage_A_isolate_WB | product=hypothetical protein | location=GLCHR05:3936888-3940505(-) | length=1205,GL50803_6933,,134 kDa,,unknown,5,0,
171,true,Empty,| organism=Giardia_Assemblage_A_isolate_WB | product=Fe-hydrogenase-1 | location=GLCHR03:930660-932084(-) | length=474,GL50803_6304,,52 kDa,,unknown,5,0,
172,true,Empty,| organism=Giardia_Assemblage_A_isolate_WB | product=WD-40 repeat protein family | location=GLCHR01:1299082-1300110(-) | length=342,GL50803_10822,,39 kDa,,unknown,5,0,
173,true,Empty,| organism=Giardia_Assemblage_A_isolate_WB | product=Hypothetical protein | location=GLCHR03:1794603-1796144(+) | length=513,GL50803_10881,,56 kDa,,unknown,5,0,
174,true,Empty,"| organism=Giardia_Assemblage_A_isolate_WB | product=Kinase, STE STE20 | location=GLCHR05:836136-837209(-) | length=357",GL50803_22165,,40 kDa,,unknown,5,0,
175,true,Empty,| organism=Giardia_Assemblage_A_isolate_WB | product=Ser/Thr phosphatase | location=GLCHR01:1235254-1236180(-) | length=308,GL50803_15214,,35 kDa,,unknown,5,0,
176,true,Empty,| organism=Giardia_Assemblage_A_isolate_WB | product=Fructose-bisphosphate aldolase | location=GLCHR03:1152763-1153734(+) | length=323,GL50803_11043,,35 kDa,,unknown,5,0,
177,true,Empty,| organism=Giardia_Assemblage_A_isolate_WB | product=Ser/Thr protein kinase | location=GLCHR02:125385-126242(+) | length=285,GL50803_15410,,32 kDa,,unknown,5,0,
178,true,Empty,| organism=Giardia_Assemblage_A_isolate_WB | product=Glucose-6-phosphate isomerase | location=GLCHR05:2789023-2790777(-) | length=584,GL50803_9115,,64 kDa,,unknown,4,0,
179,true,Empty,"| organism=Giardia_Assemblage_A_isolate_WB | product=Spindle pole protein, putative | location=GLCHR01:308747-311734(-) | length=995",GL50803_7031,,109 kDa,,unknown,4,0,
180,true,Empty,| organism=Giardia_Assemblage_A_isolate_WB | product=Ribosomal protein L11 | location=GLCHR05:3392830-3393351(-) | length=173,GL50803_5593,,20 kDa,,unknown,4,0,
181,true,Empty,| organism=Giardia_Assemblage_A_isolate_WB | product=Leucine-rich repeat protein 1 virus receptor protein | location=GLCHR02:648332-650581(+) | length=749,GL50803_5795,,85 kDa,,unknown,4,0,
182,true,Empty,"| organism=Giardia_Assemblage_A_isolate_WB | product=2,3-bisphosphoglycerate-independent phosphoglycerate mutase | location=GLCHR05:1547794-1549563(+) | length=589",GL50803_8822,,65 kDa,,unknown,4,0,
183,true,Empty,| organism=Giardia_Assemblage_A_isolate_WB | product=Hypothetical protein | location=GLCHR04:1805318-1807360(-) | length=680,GL50803_10708,,75 kDa,,unknown,4,0,
184,true,Empty,| organism=Giardia_Assemblage_A_isolate_WB | product=Histone H2B | location=GLCHR05:3406202-3406594(+) | length=130,GL50803_121045 (+1),,15 kDa,,unknown,4,2,
185,true,Empty,| organism=Giardia_Assemblage_A_isolate_WB | product=Ribosomal protein L10a | location=GLCHR05:3788386-3789051(-) | length=221,GL50803_1345,,25 kDa,,unknown,4,0,
186,true,Empty,| organism=Giardia_Assemblage_A_isolate_WB | product=Hypothetical protein | location=GLCHR01:650542-657123(-) | length=2193,GL50803_94117,,241 kDa,,unknown,4,0,
187,true,Empty,| organism=Giardia_Assemblage_A_isolate_WB | product=hypothetical protein | location=GLCHR03:334871-343042(+) | length=2723,GL50803_16390,,301 kDa,,unknown,4,0,
188,true,Empty,| organism=Giardia_Assemblage_A_isolate_WB | product=Inositol 5-phosphatase 4 | location=GLCHR05:2208245-2211568(-) | length=1107,GL50803_9077,,124 kDa,,unknown,4,0,
189,true,Empty,| organism=Giardia_Assemblage_A_isolate_WB | product=UTP-glucose-1-phosphate uridylyltransferase | location=GLCHR04:1237229-1238581(+) | length=450,GL50803_29307,,49 kDa,,unknown,4,0,
190,true,Empty,"| organism=Giardia_Assemblage_A_isolate_WB | product=Spindle pole protein, putative | location=GLCHR05:1004642-1006306(-) | length=554",GL50803_17055,,62 kDa,,unknown,4,0,
191,true,Empty,| organism=Giardia_Assemblage_A_isolate_WB | product=Axoneme central apparatus protein | location=GLCHR02:267169-268677(+) | length=502,GL50803_16202,,54 kDa,,unknown,4,0,
192,true,Empty,| organism=Giardia_Assemblage_A_isolate_WB | product=Ribosomal protein S6 | location=GLCHR01:1441844-1442590(+) | length=248,GL50803_14620,,28 kDa,,unknown,4,0,
193,true,Empty,| organism=Giardia_Assemblage_A_isolate_WB | product=Vacuolar ATP synthase subunit H | location=GLCHR01:976410-978002(+) | length=530,GL50803_14961,,59 kDa,,unknown,4,0,
194,true,Empty,| organism=Giardia_Assemblage_A_isolate_WB | product=RNase L inhibitor | location=GLCHR02:873466-875490(+) | length=674,GL50803_7662,,75 kDa,,unknown,4,0,
195,true,Empty,| organism=Giardia_Assemblage_A_isolate_WB | product=Protein 21.1 | location=GLCHR05:1751541-1754045(-) | length=834,GL50803_8174,,94 kDa,,unknown,4,0,
196,true,Empty,| organism=Giardia_Assemblage_A_isolate_WB | product=Xaa-Pro dipeptidase | location=GLCHR01:731223-732557(+) | length=444,GL50803_17327,,50 kDa,,unknown,4,0,
197,true,Empty,"| organism=Giardia_Assemblage_A_isolate_WB | product=ATP-dependent RNA helicase p47, putative | location=GLCHR05:1276972-1278522(+) | length=516",GL50803_16376,,57 kDa,,unknown,4,0,
198,true,Empty,| organism=Giardia_Assemblage_A_isolate_WB | product=Ribosomal protein L13 | location=GLCHR01:1437382-1438086(+) | length=234,GL50803_14622,,27 kDa,,unknown,4,0,
199,true,Empty,| organism=Giardia_Assemblage_A_isolate_WB | product=Vacuolar protein sorting 29 | location=GLCHR02:1060512-1061870(+) | length=452,GL50803_103855,,48 kDa,,unknown,4,0,
200,true,Empty,| organism=Giardia_Assemblage_A_isolate_WB | product=Protein phosphatase PP2A regulatory subunit A | location=GLCHR04:1243339-1245336(-) | length=665,GL50803_16567,,75 kDa,,unknown,4,0,
201,true,Empty,| organism=Giardia_Assemblage_A_isolate_WB | product=Hypothetical protein | location=GLCHR01:521088-523985(-) | length=965,GL50803_17172,,108 kDa,,unknown,4,0,
202,true,Empty,| organism=Giardia_Assemblage_A_isolate_WB | product=26S protease regulatory subunit 7 | location=GLCHR05:3471841-3473373(-) | length=510,GL50803_86683,,56 kDa,,unknown,4,0,
203,true,Empty,| organism=Giardia_Assemblage_A_isolate_WB | product=Ribosomal protein L27 | location=GLCHR03:808135-808542(+) | length=135,GL50803_8462,,15 kDa,,unknown,4,0,
204,true,Empty,"| organism=Giardia_Assemblage_A_isolate_WB | product=Kinase, NEK | location=GLCHR05:4291100-4292554(+) | length=484",GL50803_26199,,53 kDa,,unknown,4,0,
205,true,Empty,| organism=Giardia_Assemblage_A_isolate_WB | product=Glucokinase | location=GLCHR05:1550601-1551632(+) | length=343,GL50803_8826,,38 kDa,,unknown,4,0,
206,true,Empty,| organism=Giardia_Assemblage_A_isolate_WB | product=Protein phosphatase 2C | location=GLCHR02:1186189-1187724(-) | length=511,GL50803_32312,,57 kDa,,unknown,4,0,
207,true,Empty,| organism=Giardia_Assemblage_A_isolate_WB | product=Malate dehydrogenase | location=GLCHR02:769888-770883(+) | length=331,GL50803_3331,,35 kDa,,unknown,4,0,
208,true,Empty,| organism=Giardia_Assemblage_A_isolate_WB | product=Ribosomal protein S2 | location=GLCHR05:3165605-3166333(-) | length=242,GL50803_8118,,27 kDa,,unknown,4,0,
209,true,Empty,| organism=Giardia_Assemblage_A_isolate_WB | product=Hypothetical protein | location=GLCHR02:1226732-1227676(-) | length=314,GL50803_17400,,35 kDa,,unknown,4,0,
210,true,Empty,| organism=Giardia_Assemblage_A_isolate_WB | product=Ribosomal protein S7 | location=GLCHR05:3929431-3930003(-) | length=190,GL50803_14329,,22 kDa,,unknown,3,0,
211,true,Empty,| organism=Giardia_Assemblage_A_isolate_WB | product=Ribosomal protein L19 | location=GLCHR02:91793-92383(-) | length=196,GL50803_16431,,23 kDa,,unknown,3,0,
212,true,Empty,| organism=Giardia_Assemblage_A_isolate_WB | product=Ubiquitin carboxyl-terminal hydrolase 14 | location=GLCHR03:1280828-1283269(+) | length=813,GL50803_102710,,92 kDa,,unknown,3,0,
213,true,Empty,| organism=Giardia_Assemblage_A_isolate_WB | product=TCP-1 chaperonin subunit epsilon | location=GLCHR01:1045147-1046808(-) | length=553,GL50803_11992,,61 kDa,,unknown,3,0,
214,true,Empty,| organism=Giardia_Assemblage_A_isolate_WB | product=Dynein heavy chain | location=GLCHR02:16123-23343(-) | length=2406,GL50803_103059,,274 kDa,,unknown,3,0,
215,true,Empty,"| organism=Giardia_Assemblage_A_isolate_WB | product=Kinase, CDC7 | location=GLCHR03:1821134-1826227(+) | length=1697",GL50803_112076,,190 kDa,,unknown,3,0,
216,true,Empty,| organism=Giardia_Assemblage_A_isolate_WB | product=Hypothetical protein | location=GLCHR01:388553-392485(-) | length=1310,GL50803_22543,,147 kDa,,unknown,3,0,
217,true,Empty,| organism=Giardia_Assemblage_A_isolate_WB | product=Hypothetical protein | location=GLCHR01:1273428-1277702(-) | length=1424,GL50803_90434,,160 kDa,,unknown,3,0,
218,true,Empty,| organism=Giardia_Assemblage_A_isolate_WB | product=TCP-1 chaperonin subunit alpha | location=GLCHR04:165690-167243(-) | length=517,GL50803_17482,,56 kDa,,unknown,3,0,
219,true,Empty,"| organism=Giardia_Assemblage_A_isolate_WB | product=Metalloprotease, insulinase family | location=GLCHR04:2303665-2307066(-) | length=1133",GL50803_93551,,129 kDa,,unknown,3,0,
220,true,Empty,"| organism=Giardia_Assemblage_A_isolate_WB | product=Kinase, NEK | location=GLCHR03:484394-487414(-) | length=1006",GL50803_17231,,111 kDa,,unknown,3,0,
221,true,Empty,| organism=Giardia_Assemblage_A_isolate_WB | product=FKBP-type peptidyl-prolyl cis-trans isomerase | location=GLCHR01:755256-756320(-) | length=354,GL50803_10570,,39 kDa,,unknown,3,0,
222,true,Empty,"| organism=Giardia_Assemblage_A_isolate_WB | product=Kinase, CMGC MAPK | location=GLCHR05:1311119-1312201(-) | length=360",GL50803_22850,,41 kDa,,unknown,3,0,
223,true,Empty,"| organism=Giardia_Assemblage_A_isolate_WB | product=Kinase, NEK | location=GLCHR01:1457898-1459427(+) | length=509",GL50803_2483,,57 kDa,,unknown,3,0,
224,true,Empty,| organism=Giardia_Assemblage_A_isolate_WB | product=DNA-directed RNA polymerase II largest subunit RPB1 | location=GLCHR01:231826-238056(+) | length=2076,GL50803_89347,,230 kDa,,unknown,3,0,
225,true,Empty,"| organism=Giardia_Assemblage_A_isolate_WB | product=Triosephosphate isomerase, cytosolic | location=GLCHR05:3318794-3319567(+) | length=257",GL50803_93938,,28 kDa,,unknown,3,0,
226,true,Empty,| organism=Giardia_Assemblage_A_isolate_WB | product=Ribosomal protein S24 | location=GLCHR04:1129929-1130327(+) | length=132,GL50803_10367,,15 kDa,,unknown,3,0,
227,true,Empty,| organism=Giardia_Assemblage_A_isolate_WB | product=Phosphatase | location=GLCHR04:2050897-2053974(+) | length=1025,GL50803_13875,,114 kDa,,unknown,3,0,
228,true,Empty,| organism=Giardia_Assemblage_A_isolate_WB | product=IFT complex B | location=GLCHR05:1508881-1514763(+) | length=1960,GL50803_17105,,215 kDa,,unknown,3,0,
229,true,Empty,| organism=Giardia_Assemblage_A_isolate_WB | product=Ribosomal protein L23A | location=GLCHR04:1500461-1500886(-) | length=141,GL50803_7870,,16 kDa,,unknown,3,0,
230,true,Empty,| organism=Giardia_Assemblage_A_isolate_WB | product=Long chain fatty acid CoA ligase 5 | location=GLCHR02:1442704-1445265(-) | length=853,GL50803_9062,,94 kDa,,unknown,3,0,
231,true,Empty,"| organism=Giardia_Assemblage_A_isolate_WB | product=Kinase, NEK | location=GLCHR05:894069-895862(-) | length=597",GL50803_8445,,67 kDa,,unknown,3,0,
232,true,Empty,"| organism=Giardia_Assemblage_A_isolate_WB | product=Transcription factor, putative | location=GLCHR04:1232743-1235580(-) | length=945",GL50803_16568,,105 kDa,,unknown,3,0,
233,true,Empty,| organism=Giardia_Assemblage_A_isolate_WB | product=Protein 21.1 | location=GLCHR05:2739084-2740625(+) | length=513,GL50803_137703,,57 kDa,true,unknown,3,0,
234,true,Empty,"| organism=Giardia_Assemblage_A_isolate_WB | product=Alanine aminotransferase, putative | location=GLCHR03:667326-668891(+) | length=521",GL50803_12150,,58 kDa,,unknown,3,0,
235,true,Empty,| organism=Giardia_Assemblage_A_isolate_WB | product=Hypothetical protein | location=GLCHR05:2951652-2954912(-) | length=1086,GL50803_4266,,121 kDa,,unknown,3,0,
236,true,Empty,| organism=Giardia_Assemblage_A_isolate_WB | product=20S proteasome alpha subunit 2 | location=GLCHR05:2298693-2299445(-) | length=250,GL50803_11434,,27 kDa,,unknown,3,0,
237,true,Empty,| organism=Giardia_Assemblage_A_isolate_WB | product=Protein phosphatase 2A B' regulatory subunit Wdb1 | location=GLCHR04:254051-256516(+) | length=821,GL50803_16443,,93 kDa,,unknown,2,0,
238,true,Empty,| organism=Giardia_Assemblage_A_isolate_WB | product=Hypothetical protein | location=GLCHR03:787029-792272(-) | length=1747,GL50803_15334,,195 kDa,,unknown,2,0,
239,true,Empty,| organism=Giardia_Assemblage_A_isolate_WB | product=5'-3' exoribonuclease 2 | location=GLCHR04:1676804-1682674(+) | length=1956,GL50803_113365,,221 kDa,,unknown,2,0,
240,true,Empty,| organism=Giardia_Assemblage_A_isolate_WB | product=Ribosomal protein S16 | location=GLCHR01:702428-702904(+) | length=158,GL50803_4652,,18 kDa,,unknown,2,0,
241,true,Empty,| organism=Giardia_Assemblage_A_isolate_WB | product=Hypothetical protein | location=GLCHR04:684965-685336(+) | length=123,GL50803_104250 (+1),,14 kDa,,unknown,2,0,
242,true,Empty,| organism=Giardia_Assemblage_A_isolate_WB | product=Farnesyl diphosphate synthase | location=GLCHR04:541501-542724(-) | length=407,GL50803_6633,,46 kDa,,unknown,2,0,
243,true,Empty,| organism=Giardia_Assemblage_A_isolate_WB | product=Protein 21.1 | location=GLCHR02:396653-398356(+) | length=567,GL50803_8928,,61 kDa,,unknown,2,0,
244,true,Empty,| organism=Giardia_Assemblage_A_isolate_WB | product=Hypothetical protein | location=GLCHR03:1261045-1262844(+) | length=599,GL50803_16596,,67 kDa,,unknown,2,0,
245,true,Empty,| organism=Giardia_Assemblage_A_isolate_WB | product=Threonyl-tRNA synthetase | location=GLCHR05:1205079-1207166(+) | length=695,GL50803_13998,,79 kDa,,unknown,2,0,
246,true,Empty,| organism=Giardia_Assemblage_A_isolate_WB | product=Ribosomal protein SA | location=GLCHR05:3726722-3727459(+) | length=245,GL50803_7766,,28 kDa,,unknown,2,0,
247,true,Empty,"| organism=Giardia_Assemblage_A_isolate_WB | product=Prefoldin subunit 3, putative | location=GLCHR01:311816-312394(+) | length=192",GL50803_7030,,22 kDa,,unknown,2,0,
248,true,Empty,| organism=Giardia_Assemblage_A_isolate_WB | product=Phosphatidylinositol transfer protein alpha isoform | location=GLCHR02:266059-267096(-) | length=345,GL50803_4197,,39 kDa,,unknown,2,0,
249,true,Empty,| organism=Giardia_Assemblage_A_isolate_WB | product=Alcohol dehydrogenase 3 lateral transfer candidate | location=GLCHR03:197300-198526(-) | length=408,GL50803_3861,,45 kDa,true,unknown,2,0,
250,true,Empty,| organism=Giardia_Assemblage_A_isolate_WB | product=Seryl-tRNA synthetase | location=GLCHR03:1191832-1193205(-) | length=457,GL50803_101501,,52 kDa,,unknown,2,0,
251,true,Empty,| organism=Giardia_Assemblage_A_isolate_WB | product=Hypothetical protein | location=GLCHR02:1049033-1053652(-) | length=1539,GL50803_7350,,175 kDa,,unknown,2,0,
252,true,Empty,"| organism=Giardia_Assemblage_A_isolate_WB | product=Vacuolar proton-ATPase subunit, putative | location=GLCHR02:690022-692823(+) | length=933",GL50803_18470,,104 kDa,,unknown,2,0,
253,true,Empty,| organism=Giardia_Assemblage_A_isolate_WB | product=Protein 21.1 | location=GLCHR01:861358-863445(-) | length=695,GL50803_16435,,77 kDa,,unknown,2,0,
254,true,Empty,| organism=Giardia_Assemblage_A_isolate_WB | product=CDC19 | location=GLCHR02:1142408-1146361(+) | length=1317,GL50803_17413,,148 kDa,,unknown,2,0,
255,true,Empty,| organism=Giardia_Assemblage_A_isolate_WB | product=Ribosomal protein L31B | location=GLCHR04:1496805-1497125(+) | length=106,GL50803_16368,,12 kDa,,unknown,2,0,
256,true,Empty,| organism=Giardia_Assemblage_A_isolate_WB | product=Phosphomannomutase-2 | location=GLCHR04:363536-365503(-) | length=655,GL50803_17254,,74 kDa,,unknown,2,0,
257,true,Empty,| organism=Giardia_Assemblage_A_isolate_WB | product=Hypothetical protein | location=GLCHR03:1173065-1173736(-) | length=223,GL50803_11034,,25 kDa,,unknown,2,0,
258,true,Empty,"| organism=Giardia_Assemblage_A_isolate_WB | product=Translation initiation factor IF-2, putative | location=GLCHR03:1907456-1910236(-) | length=926",GL50803_115239,,104 kDa,,unknown,2,0,
259,true,Empty,| organism=Giardia_Assemblage_A_isolate_WB | product=Giardia trophozoite antigen GTA-1 | location=GLCHR03:1714568-1715113(-) | length=181,GL50803_17090,,21 kDa,,unknown,2,0,
260,true,Empty,| organism=Giardia_Assemblage_A_isolate_WB | product=TBP-interacting protein TIP49 | location=GLCHR04:2689436-2690887(-) | length=483,GL50803_17565,,53 kDa,,unknown,2,0,
261,true,Empty,| organism=Giardia_Assemblage_A_isolate_WB | product=Aldose reductase | location=GLCHR02:157396-158337(+) | length=313,GL50803_7260,,35 kDa,,unknown,2,0,
262,true,Empty,| organism=Giardia_Assemblage_A_isolate_WB | product=Cytidine deaminase | location=GLCHR01:1154613-1155017(+) | length=134,GL50803_2101,,14 kDa,,unknown,2,0,
263,true,Empty,| organism=Giardia_Assemblage_A_isolate_WB | product=Protein 21.1 | location=CH991763:28669-30564(+) | length=631,GL50803_114671,,69 kDa,,unknown,2,0,
264,true,Empty,| organism=Giardia_Assemblage_A_isolate_WB | product=Rac/Rho-like protein | location=GLCHR03:1715915-1716571(+) | length=218,GL50803_8496,,24 kDa,,unknown,2,0,
265,true,Empty,| organism=Giardia_Assemblage_A_isolate_WB | product=Hypothetical protein | location=GLCHR05:3737483-3738271(-) | length=262,GL50803_16717,,29 kDa,,unknown,2,0,
266,true,Empty,"| organism=Giardia_Assemblage_A_isolate_WB | product=Kinase, CAMK CAMKL | location=GLCHR04:2687276-2689207(-) | length=643",GL50803_17566,,71 kDa,,unknown,2,0,
267,true,Empty,| organism=Giardia_Assemblage_A_isolate_WB | product=Kinase | location=GLCHR04:2344826-2346880(+) | length=684,GL50803_5643,,76 kDa,,unknown,2,0,
268,true,Empty,| organism=Giardia_Assemblage_A_isolate_WB | product=Ribosomal protein S8 | location=GLCHR03:910371-910895(-) | length=174,GL50803_5845,,19 kDa,,unknown,2,0,
269,true,Empty,| organism=Giardia_Assemblage_A_isolate_WB | product=Hypothetical protein | location=GLCHR03:308580-311432(-) | length=950,GL50803_137754,,108 kDa,,unknown,2,0,
270,true,Empty,| organism=Giardia_Assemblage_A_isolate_WB | product=Hypothetical protein | location=GLCHR05:1886248-1888515(-) | length=755,GL50803_16353,,84 kDa,,unknown,2,0,
271,true,Empty,| organism=Giardia_Assemblage_A_isolate_WB | product=CTP synthase/UTP-ammonia lyase | location=GLCHR03:1496964-1499651(-) | length=895,GL50803_4507,,99 kDa,,unknown,2,0,
272,true,Empty,| organism=Giardia_Assemblage_A_isolate_WB | product=Hypothetical protein | location=GLCHR03:490036-491157(-) | length=373,GL50803_6120,,42 kDa,,unknown,2,0,
273,true,Empty,| organism=Giardia_Assemblage_A_isolate_WB | product=Ribosomal protein S9 | location=GLCHR01:949940-950509(-) | length=189,GL50803_4547,,22 kDa,,unknown,2,0,
274,true,Empty,| organism=Giardia_Assemblage_A_isolate_WB | product=Alpha-6 giardin | location=GLCHR03:109136-110029(+) | length=297,GL50803_14551,,33 kDa,,unknown,2,0,
275,true,Empty,| organism=Giardia_Assemblage_A_isolate_WB | product=Protein 21.1 | location=GLCHR01:528991-531375(-) | length=794,GL50803_7375,,87 kDa,,unknown,2,0,
276,true,Empty,| organism=Giardia_Assemblage_A_isolate_WB | product=Hypothetical protein | location=GLCHR04:983983-991617(-) | length=2544,GL50803_90122,,283 kDa,,unknown,2,0,
277,true,Empty,| organism=Giardia_Assemblage_A_isolate_WB | product=CAMP-dependent protein kinase regulatory chain | location=GLCHR05:2786128-2787510(+) | length=460,GL50803_9117,,51 kDa,,unknown,2,0,
278,true,Empty,Cluster of | organism=Giardia_Assemblage_A_isolate_WB | product=SKD1 protein | location=GLCHR05:3100075-3101439(+) | length=454 (GL50803_101906),GL50803_101906,,50 kDa,true,unknown,2,0,
278.1,true,Empty,| organism=Giardia_Assemblage_A_isolate_WB | product=SKD1 protein | location=GLCHR05:3100075-3101439(+) | length=454,GL50803_101906,,50 kDa,true,unknown,1,0,
279,true,Empty,| organism=Giardia_Assemblage_A_isolate_WB | product=Uracil phosphoribosyltransferase | location=GLCHR05:1664106-1664741(-) | length=211,GL50803_6563,,23 kDa,,unknown,2,0,
280,true,Empty,| organism=Giardia_Assemblage_A_isolate_WB | product=Methionine aminopeptidase | location=GLCHR03:1781861-1783123(-) | length=420,GL50803_86600,,47 kDa,,unknown,2,0,
281,true,Empty,| organism=Giardia_Assemblage_A_isolate_WB | product=Hypothetical protein | location=GLCHR02:59175-59582(-) | length=135,GL50803_5604,,15 kDa,,unknown,2,0,
282,true,Empty,| organism=Giardia_Assemblage_A_isolate_WB | product=Ribulose-phosphate 3-epimerase | location=GLCHR03:1014913-1015638(-) | length=241,GL50803_10324,,26 kDa,,unknown,2,0,
283,true,Empty,| organism=Giardia_Assemblage_A_isolate_WB | product=Sun/nucleolar protein family protein | location=GLCHR05:3313753-3315981(+) | length=742,GL50803_17199,,82 kDa,,unknown,2,0,
284,true,Empty,| organism=Giardia_Assemblage_A_isolate_WB | product=Hypothetical protein | location=GLCHR04:1337410-1339833(-) | length=807,GL50803_14796,,90 kDa,,unknown,2,0,
285,true,Empty,| organism=Giardia_Assemblage_A_isolate_WB | product=Protein 21.1 | location=GLCHR02:107189-108673(-) | length=494,GL50803_14679,,54 kDa,,unknown,2,0,
286,true,Empty,| organism=Giardia_Assemblage_A_isolate_WB | product=Hypothetical protein | location=GLCHR05:1910346-1913333(-) | length=995,GL50803_14704,,110 kDa,,unknown,2,0,
287,true,Empty,| organism=Giardia_Assemblage_A_isolate_WB | product=Ribose 5-phosphate isomerase | location=GLCHR03:1049016-1049453(-) | length=145,GL50803_27614,,15 kDa,,unknown,2,0,
288,true,Empty,| organism=Giardia_Assemblage_A_isolate_WB | product=Coiled-coil protein | location=GLCHR04:330287-335314(-) | length=1675,GL50803_17249,,191 kDa,,unknown,2,0,
289,true,Empty,| organism=Giardia_Assemblage_A_isolate_WB | product=IFT complex B | location=GLCHR05:4404172-4407411(-) | length=1079,GL50803_17223,,115 kDa,,unknown,2,0,
290,true,Empty,| organism=Giardia_Assemblage_A_isolate_WB | product=Hypothetical protein | location=GLCHR04:1392611-1394929(-) | length=772,GL50803_112018,,82 kDa,,unknown,2,0,
291,true,Empty,| organism=Giardia_Assemblage_A_isolate_WB | product=Alcohol dehydrogenase lateral transfer candidate | location=GLCHR03:1728021-1729244(+) | length=407,GL50803_3593,,45 kDa,true,unknown,2,0,
292,true,Empty,| organism=Giardia_Assemblage_A_isolate_WB | product=Ribosomal protein L35a | location=GLCHR01:635668-636039(+) | length=123,GL50803_5947,,14 kDa,,unknown,2,0,
293,true,Empty,| organism=Giardia_Assemblage_A_isolate_WB | product=Translationally controlled tumor protein-like protein | location=GLCHR05:2474789-2475244(+) | length=151,GL50803_6242,,17 kDa,,unknown,2,0,
294,true,Empty,"| organism=Giardia_Assemblage_A_isolate_WB | product=Spindle pole protein, putative | location=GLCHR05:2335605-2338409(-) | length=934",GL50803_33660,,104 kDa,,unknown,2,0,
295,true,Empty,| organism=Giardia_Assemblage_A_isolate_WB | product=Kinesin-6 | location=GLCHR04:765441-769025(+) | length=1194,GL50803_102455,,130 kDa,,unknown,2,0,
296,true,Empty,| organism=Giardia_Assemblage_A_isolate_WB | product=Protein disulfide isomerase PDI4 | location=GLCHR03:1433304-1434368(-) | length=354,GL50803_103713,,40 kDa,true,unknown,2,0,
297,true,Empty,| organism=Giardia_Assemblage_A_isolate_WB | product=Uridine kinase | location=GLCHR05:1578937-1580985(-) | length=682,GL50803_16549,,77 kDa,,unknown,2,0,
298,true,Empty,| organism=Giardia_Assemblage_A_isolate_WB | product=Hypothetical protein | location=GLCHR01:212900-213754(+) | length=284,GL50803_3538,,30 kDa,,unknown,2,0,
299,true,Empty,| organism=Giardia_Assemblage_A_isolate_WB | product=Ribosomal protein L18 | location=GLCHR04:895590-896129(+) | length=179,GL50803_11950,,20 kDa,,unknown,2,0,
300,true,Empty,| organism=Giardia_Assemblage_A_isolate_WB | product=Hypothetical protein | location=GLCHR01:736666-743334(-) | length=2222,GL50803_112258,,249 kDa,,unknown,2,0,
301,true,Empty,| organism=Giardia_Assemblage_A_isolate_WB | product=Developmentally regulated GTP-binding protein 1 | location=GLCHR02:274207-275328(+) | length=373,GL50803_16200,,41 kDa,,unknown,2,0,
302,true,Empty,"| organism=Giardia_Assemblage_A_isolate_WB | product=Kinase, NEK | location=GLCHR04:693308-696505(+) | length=1065",GL50803_94927,,115 kDa,,unknown,2,0,
303,true,Empty,| organism=Giardia_Assemblage_A_isolate_WB | product=Protein 21.1 | location=GLCHR05:3731192-3734821(+) | length=1209,GL50803_14539,,134 kDa,,unknown,2,0,
304,true,Empty,"| organism=Giardia_Assemblage_A_isolate_WB | product=Kinase, NEK | location=GLCHR05:3818135-3819616(-) | length=493",GL50803_5346,,55 kDa,,unknown,2,0,
305,true,Empty,| organism=Giardia_Assemblage_A_isolate_WB | product=Hypothetical protein | location=GLCHR03:1042209-1042889(+) | length=226,GL50803_5785,,25 kDa,,unknown,2,0,
306,true,Empty,| organism=Giardia_Assemblage_A_isolate_WB | product=TCP-1 chaperonin subunit alpha | location=GLCHR04:1267312-1268964(+) | length=550,GL50803_91919,,59 kDa,,unknown,2,0,
307,true,Empty,| organism=Giardia_Assemblage_A_isolate_WB | product=Ribosomal protein L27a | location=GLCHR05:835577-836026(+) | length=149,GL50803_16310,,17 kDa,,unknown,2,0,
308,true,Empty,"| organism=Giardia_Assemblage_A_isolate_WB | product=Vacuolar protein sorting 26, putative | location=GLCHR05:1425877-1427472(+) | length=531",GL50803_100864,,57 kDa,,unknown,2,0,
309,true,Empty,| organism=Giardia_Assemblage_A_isolate_WB | product=Hypothetical protein | location=GLCHR05:1883416-1883886(+) | length=156,GL50803_8260,,17 kDa,,unknown,2,0,
310,true,Empty,| organism=Giardia_Assemblage_A_isolate_WB | product=Protein disulfide isomerase PDI2 | location=GLCHR04:1891048-1892397(+) | length=449,GL50803_9413,,50 kDa,true,unknown,2,0,
311,true,Empty,| organism=Giardia_Assemblage_A_isolate_WB | product=Protein phosphatase PP2A regulatory subunit B | location=GLCHR01:1294319-1296016(-) | length=565,GL50803_32398,,63 kDa,,unknown,2,0,
312,true,Empty,| organism=Giardia_Assemblage_A_isolate_WB | product=hypothetical protein | location=GLCHR05:2819430-2825387(-) | length=1985,GL50803_34701,,223 kDa,,unknown,2,0,
313,true,Empty,| organism=Giardia_Assemblage_A_isolate_WB | product=Protein 21.1 | location=GLCHR01:435178-436386(+) | length=402,GL50803_14800,,44 kDa,,unknown,2,0,
314,true,Empty,| organism=Giardia_Assemblage_A_isolate_WB | product=Protein 21.1 | location=GLCHR05:2201241-2204018(+) | length=925,GL50803_14859,,103 kDa,,unknown,0,2,
,,,,,,,,,,,
END OF FILE,,,,,,,,,,,